Rank,Word,Is_Compound,Token_Count,Frequency_Score
1,là,False,1,7.26
2,và,False,1,7.17
3,có,False,1,7.13
4,của,False,1,7.1
5,được,False,1,7.01
6,một,False,1,7.0
7,các,False,1,6.99
8,không,False,1,6.95
9,trong,False,1,6.94
10,cho,False,1,6.9
11,người,False,1,6.84
12,này,False,1,6.82
13,với,False,1,6.79
14,đã,False,1,6.76
15,thể,False,1,6.73
16,để,False,1,6.72
17,như,False,1,6.65
18,những,False,1,6.63
19,đến,False,1,6.63
20,khi,False,1,6.61
21,làm,False,1,6.61
22,sẽ,False,1,6.6
23,từ,False,1,6.6
24,ra,False,1,6.59
25,có thể,True,1,6.58
26,công,False,1,6.57
27,họ,False,1,6.57
28,tại,False,1,6.57
29,về,False,1,6.57
30,vào,False,1,6.55
31,đó,False,1,6.55
32,cũng,False,1,6.54
33,thành,False,1,6.53
34,không thể,True,1,6.53
35,lại,False,1,6.52
36,đầu,False,1,6.5
37,chỉ,False,1,6.49
38,năm,False,1,6.49
39,sự,False,1,6.49
40,tôi,False,1,6.49
41,bị,False,1,6.48
42,học,False,1,6.48
43,phải,False,1,6.48
44,chính,False,1,6.47
45,ngày,False,1,6.47
46,số,False,1,6.47
47,ông,False,1,6.47
48,động,False,1,6.47
49,mà,False,1,6.46
50,nhà,False,1,6.46
51,thì,False,1,6.46
52,trên,False,1,6.45
53,việc,False,1,6.45
54,sau,False,1,6.41
55,nam,False,1,6.4
56,điều,False,1,6.4
57,còn,False,1,6.39
58,chúng,False,1,6.38
59,gia,False,1,6.38
60,mình,False,1,6.38
61,thế,False,1,6.38
62,nhưng,False,1,6.37
63,rất,False,1,6.37
64,đi,False,1,6.37
65,bộ,False,1,6.36
66,nhân,False,1,6.36
67,thực,False,1,6.36
68,bạn,False,1,6.35
69,hiện,False,1,6.35
70,theo,False,1,6.35
71,thời,False,1,6.35
72,anh,False,1,6.34
73,con,False,1,6.34
74,hơn,False,1,6.34
75,nước,False,1,6.34
76,nhất,False,1,6.33
77,sinh,False,1,6.33
78,đây,False,1,6.33
79,nên,False,1,6.31
80,sử,False,1,6.31
81,cả,False,1,6.3
82,quốc,False,1,6.3
83,trung,False,1,6.3
84,hành,False,1,6.29
85,hình,False,1,6.29
86,phát,False,1,6.29
87,vì,False,1,6.29
88,nó,False,1,6.28
89,cần,False,1,6.27
90,nhiều,False,1,6.27
91,tin,False,1,6.27
92,đại,False,1,6.27
93,quan,False,1,6.26
94,viên,False,1,6.26
95,đang,False,1,6.26
96,biết,False,1,6.25
97,ta,False,1,6.25
98,độ,False,1,6.25
99,thành công,True,1,6.25
100,do,False,1,6.24
101,hội,False,1,6.24
102,lên,False,1,6.24
103,việt,False,1,6.24
104,đồng,False,1,6.24
105,hay,False,1,6.23
106,khác,False,1,6.23
107,nếu,False,1,6.23
108,trước,False,1,6.23
109,bản,False,1,6.22
110,dân,False,1,6.22
111,kết,False,1,6.22
112,nói,False,1,6.22
113,định,False,1,6.22
114,thứ,False,1,6.21
115,cùng,False,1,6.2
116,cầu,False,1,6.2
117,nào,False,1,6.2
118,xuất,False,1,6.2
119,công việc,True,1,6.2
120,dụng,False,1,6.19
121,lý,False,1,6.19
122,pháp,False,1,6.19
123,cao,False,1,6.18
124,thị,False,1,6.18
125,trường,False,1,6.18
126,tên,False,1,6.18
127,tốt,False,1,6.18
128,cách,False,1,6.17
129,thấy,False,1,6.17
130,văn,False,1,6.17
131,chủ,False,1,6.16
132,qua,False,1,6.16
133,thích,False,1,6.16
134,vị,False,1,6.16
135,thực ra,True,1,6.16
136,mới,False,1,6.15
137,phần,False,1,6.15
138,tự,False,1,6.15
139,công nhân,True,1,6.15
140,hiện tại,True,1,6.15
141,giải,False,1,6.14
142,đi lại,True,1,6.14
143,bảo,False,1,6.13
144,cơ,False,1,6.13
145,em,False,1,6.13
146,giới,False,1,6.13
147,hợp,False,1,6.13
148,liên,False,1,6.13
149,bằng,False,1,6.12
150,hai,False,1,6.12
151,ngoài,False,1,6.12
152,cảm,False,1,6.11
153,giúp,False,1,6.11
154,tới,False,1,6.11
155,vậy,False,1,6.11
156,tháng,False,1,6.1
157,trình,False,1,6.1
158,ăn,False,1,6.1
159,điểm,False,1,6.1
160,học sinh,True,1,6.1
161,chức,False,1,6.09
162,lớn,False,1,6.09
163,sống,False,1,6.09
164,thông,False,1,6.09
165,thường,False,1,6.09
166,công viên,True,1,6.09
167,bình,False,1,6.08
168,cuộc,False,1,6.08
169,nhận,False,1,6.08
170,quá,False,1,6.08
171,sản,False,1,6.08
172,tế,False,1,6.08
173,yêu,False,1,6.08
174,hoặc,False,1,6.07
175,lượng,False,1,6.07
176,vụ,False,1,6.07
177,đường,False,1,6.07
178,do đó,True,1,6.07
179,cô,False,1,6.06
180,rằng,False,1,6.06
181,thống,False,1,6.06
182,tiếp,False,1,6.06
183,tính,False,1,6.06
184,vẫn,False,1,6.06
185,xe,False,1,6.06
186,cần phải,True,2,6.06
187,gì,False,1,6.05
188,khu,False,1,6.05
189,loại,False,1,6.05
190,muốn,False,1,6.05
191,tập,False,1,6.05
192,thực hiện,True,1,6.05
193,cái,False,1,6.04
194,tác,False,1,6.04
195,đối,False,1,6.04
196,quốc gia,True,1,6.04
197,hàng,False,1,6.03
198,hệ,False,1,6.03
199,trị,False,1,6.03
200,tìm,False,1,6.03
201,địa,False,1,6.03
202,tháng này,True,2,6.03
203,cơ thể,True,1,6.03
204,lần,False,1,6.02
205,lực,False,1,6.02
206,tay,False,1,6.02
207,trở,False,1,6.02
208,người lớn,True,1,6.02
209,bao,False,1,6.01
210,hóa,False,1,6.01
211,mặt,False,1,6.01
212,mỹ,False,1,6.01
213,nay,False,1,6.01
214,thủ,False,1,6.01
215,tiền,False,1,6.01
216,hiện đại,True,1,6.01
217,người yêu,True,2,6.01
218,gọi,False,1,6.0
219,kỳ,False,1,6.0
220,máy,False,1,6.0
221,tiếng,False,1,6.0
222,tạo,False,1,6.0
223,như vậy,True,2,6.0
224,trường học,True,1,6.0
225,nhân viên,True,1,6.0
226,chi,False,1,5.99
227,cấp,False,1,5.99
228,kinh,False,1,5.99
229,tham,False,1,5.99
230,toàn,False,1,5.99
231,công bằng,True,1,5.99
232,ngoài ra,True,1,5.99
233,sinh viên,True,1,5.99
234,bắt,False,1,5.98
235,giáo,False,1,5.98
236,minh,False,1,5.98
237,nghiệp,False,1,5.98
238,nhau,False,1,5.98
239,nhiên,False,1,5.98
240,thêm,False,1,5.98
241,ảnh,False,1,5.98
242,ban,False,1,5.97
243,bất,False,1,5.97
244,chiến,False,1,5.97
245,chưa,False,1,5.97
246,giờ,False,1,5.97
247,mọi,False,1,5.97
248,phương,False,1,5.97
249,rồi,False,1,5.97
250,thức,False,1,5.97
251,tích,False,1,5.97
252,xem,False,1,5.97
253,xã,False,1,5.97
254,tập thể,True,1,5.97
255,hoa,False,1,5.96
256,nguyên,False,1,5.96
257,phòng,False,1,5.96
258,tổ,False,1,5.96
259,đặc,False,1,5.96
260,chú,False,1,5.95
261,ngay,False,1,5.95
262,tỉnh,False,1,5.95
263,điểm số,True,1,5.95
264,nơi,False,1,5.94
265,sao,False,1,5.94
266,sĩ,False,1,5.94
267,tư,False,1,5.94
268,đạo,False,1,5.94
269,thế giới,True,1,5.94
270,bên,False,1,5.93
271,bố,False,1,5.93
272,hiệu,False,1,5.93
273,luôn,False,1,5.93
274,lúc,False,1,5.93
275,tổng,False,1,5.93
276,đề,False,1,5.93
277,lịch,False,1,5.92
278,năng,False,1,5.92
279,quyền,False,1,5.92
280,tâm,False,1,5.92
281,tình,False,1,5.92
282,vật,False,1,5.92
283,điện,False,1,5.92
284,đánh,False,1,5.92
285,số lượng,True,1,5.92
286,gian,False,1,5.91
287,tiên,False,1,5.91
288,tử,False,1,5.91
289,đất,False,1,5.91
290,đều,False,1,5.91
291,bà,False,1,5.9
292,bài,False,1,5.9
293,bởi,False,1,5.9
294,chuyển,False,1,5.9
295,diện,False,1,5.9
296,phân,False,1,5.9
297,thuật,False,1,5.9
298,đơn,False,1,5.9
299,hàng năm,True,2,5.9
300,hoạt,False,1,5.89
301,lập,False,1,5.89
302,mẹ,False,1,5.89
303,nhanh,False,1,5.89
304,phố,False,1,5.89
305,thiết,False,1,5.89
306,trang,False,1,5.89
307,tất,False,1,5.89
308,vì vậy,True,1,5.89
309,nhà hàng,True,1,5.89
310,tự do,True,1,5.89
311,năm nay,True,2,5.89
312,hãy,False,1,5.88
313,lời,False,1,5.88
314,thuộc,False,1,5.88
315,thật,False,1,5.88
316,truyền,False,1,5.88
317,trí,False,1,5.88
318,vực,False,1,5.88
319,đông,False,1,5.88
320,đồng bằng,True,1,5.88
321,an,False,1,5.87
322,cá,False,1,5.87
323,hết,False,1,5.87
324,nữ,False,1,5.87
325,phong,False,1,5.87
326,sách,False,1,5.87
327,triển,False,1,5.87
328,bắt đầu,True,1,5.87
329,không gian,True,1,5.87
330,báo,False,1,5.86
331,chất,False,1,5.86
332,dịch,False,1,5.86
333,hà,False,1,5.86
334,nhìn,False,1,5.86
335,thanh,False,1,5.86
336,tinh,False,1,5.86
337,vừa,False,1,5.86
338,đưa,False,1,5.86
339,con cái,True,1,5.86
340,biệt,False,1,5.85
341,chế,False,1,5.85
342,khoảng,False,1,5.85
343,nội,False,1,5.85
344,từng,False,1,5.85
345,vô,False,1,5.85
346,đẹp,False,1,5.85
347,cảnh,False,1,5.84
348,diễn,False,1,5.84
349,dưới,False,1,5.84
350,kế,False,1,5.84
351,tiến,False,1,5.84
352,đoàn,False,1,5.84
353,đổi,False,1,5.84
354,đội,False,1,5.84
355,yêu cầu,True,1,5.84
356,biến,False,1,5.83
357,chơi,False,1,5.83
358,chương,False,1,5.83
359,câu,False,1,5.83
360,cổ,False,1,5.83
361,mục,False,1,5.83
362,nghệ,False,1,5.83
363,nhật,False,1,5.83
364,nữa,False,1,5.83
365,thân,False,1,5.83
366,trọng,False,1,5.83
367,đồ,False,1,5.83
368,đức,False,1,5.83
369,cứu,False,1,5.82
370,dự,False,1,5.82
371,giữa,False,1,5.82
372,hiểu,False,1,5.82
373,phẩm,False,1,5.82
374,sáng,False,1,5.82
375,thu,False,1,5.82
376,tiêu,False,1,5.82
377,tăng,False,1,5.82
378,vấn,False,1,5.82
379,đủ,False,1,5.82
380,ai,False,1,5.81
381,dài,False,1,5.81
382,thay,False,1,5.81
383,tài,False,1,5.81
384,bỏ,False,1,5.8
385,cuối,False,1,5.8
386,cửa,False,1,5.8
387,lưu,False,1,5.8
388,nghĩa,False,1,5.8
389,phụ,False,1,5.8
390,thi,False,1,5.8
391,tuy,False,1,5.8
392,đình,False,1,5.8
393,thành phố,True,1,5.8
394,ông bà,True,1,5.8
395,bài học,True,1,5.8
396,giáo viên,True,1,5.8
397,chuyện,False,1,5.79
398,dùng,False,1,5.79
399,giao,False,1,5.79
400,giá,False,1,5.79
401,hòa,False,1,5.79
402,nhiệm,False,1,5.79
403,sở,False,1,5.79
404,thái,False,1,5.79
405,thần,False,1,5.79
406,trưởng,False,1,5.79
407,đặt,False,1,5.79
408,ba,False,1,5.78
409,chị,False,1,5.78
410,khoa,False,1,5.78
411,nguyễn,False,1,5.78
412,quân,False,1,5.78
413,thiên,False,1,5.78
414,thương,False,1,5.78
415,tương,False,1,5.78
416,cuộc sống,True,1,5.78
417,thật sự,True,1,5.78
418,thời gian,True,1,5.78
419,gần,False,1,5.77
420,hỏi,False,1,5.77
421,mang,False,1,5.77
422,quả,False,1,5.77
423,sát,False,1,5.77
424,tra,False,1,5.77
425,xác,False,1,5.77
426,đúng,False,1,5.77
427,ấy,False,1,5.77
428,đất nước,True,1,5.77
429,bay,False,1,5.76
430,chiếc,False,1,5.76
431,liệu,False,1,5.76
432,lấy,False,1,5.76
433,nhỏ,False,1,5.76
434,phục,False,1,5.76
435,tranh,False,1,5.76
436,viết,False,1,5.76
437,vệ,False,1,5.76
438,đời,False,1,5.76
439,hàng tháng,True,2,5.76
440,cung,False,1,5.75
441,danh,False,1,5.75
442,gặp,False,1,5.75
443,hồ,False,1,5.75
444,mất,False,1,5.75
445,nổi,False,1,5.75
446,tuổi,False,1,5.75
447,tối,False,1,5.75
448,viện,False,1,5.75
449,âm,False,1,5.75
450,ứng,False,1,5.75
451,cá nhân,True,1,5.75
452,bé,False,1,5.74
453,chí,False,1,5.74
454,cứ,False,1,5.74
455,dù,False,1,5.74
456,dẫn,False,1,5.74
457,màu,False,1,5.74
458,nghe,False,1,5.74
459,rõ,False,1,5.74
460,cần thiết,True,1,5.74
461,giữ,False,1,5.73
462,hoàn,False,1,5.73
463,hữu,False,1,5.73
464,thư,False,1,5.73
465,trẻ,False,1,5.73
466,tưởng,False,1,5.73
467,phát triển,True,1,5.73
468,thức ăn,True,1,5.73
469,máy tính,True,1,5.73
470,xe máy,True,1,5.73
471,bán,False,1,5.72
472,gồm,False,1,5.72
473,quyết,False,1,5.72
474,vận,False,1,5.72
475,đêm,False,1,5.72
476,biểu,False,1,5.71
477,cộng,False,1,5.71
478,khí,False,1,5.71
479,kiến,False,1,5.71
480,quận,False,1,5.71
481,vui,False,1,5.71
482,vùng,False,1,5.71
483,xin,False,1,5.71
484,bóng,False,1,5.7
485,bệnh,False,1,5.7
486,dương,False,1,5.7
487,giống,False,1,5.7
488,nhập,False,1,5.7
489,triệu,False,1,5.7
490,trả,False,1,5.7
491,yếu,False,1,5.7
492,đấu,False,1,5.7
493,gia đình,True,1,5.7
494,diễn viên,True,1,5.7
495,biển,False,1,5.69
496,chung,False,1,5.69
497,dựng,False,1,5.69
498,hoàng,False,1,5.69
499,huyện,False,1,5.69
500,khó,False,1,5.69
501,nghĩ,False,1,5.69
502,quản,False,1,5.69
503,rộng,False,1,5.69
504,tục,False,1,5.69
505,quan trọng,True,1,5.69
506,máy ảnh,True,1,5.69
507,tình yêu,True,1,5.69
508,không khí,True,1,5.69
509,học hỏi,True,2,5.69
510,chắc,False,1,5.68
511,chọn,False,1,5.68
512,chứng,False,1,5.68
513,cố,False,1,5.68
514,di,False,1,5.68
515,hải,False,1,5.68
516,kiểm,False,1,5.68
517,mở,False,1,5.68
518,nguồn,False,1,5.68
519,phía,False,1,5.68
520,sơn,False,1,5.68
521,xây,False,1,5.68
522,khoảng cách,True,1,5.68
523,bác,False,1,5.67
524,chịu,False,1,5.67
525,giả,False,1,5.67
526,hướng,False,1,5.67
527,in,False,1,5.67
528,kể,False,1,5.67
529,mạnh,False,1,5.67
530,mắt,False,1,5.67
531,phủ,False,1,5.67
532,đường phố,True,1,5.67
533,anh chị,True,1,5.67
534,bài tập,True,2,5.67
535,ca,False,1,5.66
536,chân,False,1,5.66
537,châu,False,1,5.66
538,lâu,False,1,5.66
539,sư,False,1,5.66
540,tây,False,1,5.66
541,tượng,False,1,5.66
542,xuống,False,1,5.66
543,ít,False,1,5.66
544,đáng,False,1,5.66
545,gần đây,True,2,5.66
546,truyền thống,True,1,5.66
547,bắc,False,1,5.65
548,cây,False,1,5.65
549,luật,False,1,5.65
550,lòng,False,1,5.65
551,nằm,False,1,5.65
552,hồ nước,True,2,5.65
553,công cộng,True,1,5.65
554,nói chuyện,True,1,5.65
555,chết,False,1,5.64
556,chống,False,1,5.64
557,cư,False,1,5.64
558,ký,False,1,5.64
559,mạng,False,1,5.64
560,phim,False,1,5.64
561,tàu,False,1,5.64
562,án,False,1,5.64
563,đồ ăn,True,1,5.64
564,dạng,False,1,5.63
565,hôm,False,1,5.63
566,mỗi,False,1,5.63
567,sắc,False,1,5.63
568,trợ,False,1,5.63
569,uống,False,1,5.63
570,đá,False,1,5.63
571,đạt,False,1,5.63
572,đồng hồ,True,1,5.63
573,an toàn,True,1,5.63
574,trọng lượng,True,1,5.63
575,tất nhiên,True,1,5.63
576,dễ,False,1,5.62
577,hộ,False,1,5.62
578,kim,False,1,5.62
579,kiện,False,1,5.62
580,kích,False,1,5.62
581,nghiên,False,1,5.62
582,thuốc,False,1,5.62
583,xa,False,1,5.62
584,đâu,False,1,5.62
585,ngoại,False,1,5.61
586,nhiệt,False,1,5.61
587,sang,False,1,5.61
588,sức,False,1,5.61
589,trái,False,1,5.61
590,trời,False,1,5.61
591,trực,False,1,5.61
592,ty,False,1,5.61
593,vi,False,1,5.61
594,đàn,False,1,5.61
595,độc,False,1,5.61
596,bảo vệ,True,1,5.61
597,tìm hiểu,True,1,5.61
598,chẳng,False,1,5.6
599,hạ,False,1,5.6
600,quy,False,1,5.6
601,trận,False,1,5.6
602,vòng,False,1,5.6
603,vũ,False,1,5.6
604,đau,False,1,5.6
605,đoạn,False,1,5.6
606,đặc biệt,True,1,5.6
607,sáng nay,True,2,5.6
608,cửa hàng,True,1,5.6
609,quyết định,True,1,5.6
610,giám,False,1,5.59
611,gái,False,1,5.59
612,gây,False,1,5.59
613,long,False,1,5.59
614,lễ,False,1,5.59
615,mô,False,1,5.59
616,mùa,False,1,5.59
617,quý,False,1,5.59
618,sân,False,1,5.59
619,the,False,1,5.59
620,thủy,False,1,5.59
621,tiểu,False,1,5.59
622,trò,False,1,5.59
623,tuyệt,False,1,5.59
624,biển cả,True,1,5.59
625,em bé,True,2,5.59
626,đêm qua,True,2,5.59
627,kỳ thi,True,2,5.59
628,cuộc đời,True,1,5.59
629,chúa,False,1,5.58
630,duy,False,1,5.58
631,hạn,False,1,5.58
632,hậu,False,1,5.58
633,lệ,False,1,5.58
634,mặc,False,1,5.58
635,nghị,False,1,5.58
636,nhạc,False,1,5.58
637,phép,False,1,5.58
638,trần,False,1,5.58
639,tuy nhiên,True,1,5.58
640,giải quyết,True,1,5.58
641,trẻ em,True,1,5.58
642,bàn,False,1,5.57
643,chuẩn,False,1,5.57
644,du,False,1,5.57
645,hồng,False,1,5.57
646,khách,False,1,5.57
647,kiếm,False,1,5.57
648,lãnh,False,1,5.57
649,phá,False,1,5.57
650,phạm,False,1,5.57
651,quảng,False,1,5.57
652,đa,False,1,5.57
653,đóng,False,1,5.57
654,đô,False,1,5.57
655,đảng,False,1,5.57
656,mỗi ngày,True,2,5.57
657,chia,False,1,5.56
658,khiến,False,1,5.56
659,mua,False,1,5.56
660,môi,False,1,5.56
661,nhóm,False,1,5.56
662,tuần,False,1,5.56
663,vài,False,1,5.56
664,đôi,False,1,5.56
665,tối nay,True,2,5.56
666,máy bay,True,1,5.56
667,cập,False,1,5.55
668,hưởng,False,1,5.55
669,khai,False,1,5.55
670,khả,False,1,5.55
671,kỹ,False,1,5.55
672,ngủ,False,1,5.55
673,nhé,False,1,5.55
674,nhớ,False,1,5.55
675,trai,False,1,5.55
676,đào,False,1,5.55
677,nước uống,True,2,5.55
678,chạy,False,1,5.54
679,dục,False,1,5.54
680,ghi,False,1,5.54
681,khỏi,False,1,5.54
682,phút,False,1,5.54
683,so,False,1,5.54
684,thắng,False,1,5.54
685,tỷ,False,1,5.54
686,vẻ,False,1,5.54
687,yên,False,1,5.54
688,đứng,False,1,5.54
689,tiếp tục,True,1,5.54
690,tuần này,True,2,5.54
691,doanh,False,1,5.53
692,lợi,False,1,5.53
693,tấn,False,1,5.53
694,vọng,False,1,5.53
695,hải sản,True,1,5.53
696,dù sao,True,2,5.53
697,hồi,False,1,5.52
698,khẩu,False,1,5.52
699,lan,False,1,5.52
700,lớp,False,1,5.52
701,mật,False,1,5.52
702,thiếu,False,1,5.52
703,thoại,False,1,5.52
704,tránh,False,1,5.52
705,tuyến,False,1,5.52
706,tân,False,1,5.52
707,ấn,False,1,5.52
708,thay đổi,True,1,5.52
709,kiến thức,True,1,5.52
710,chuẩn bị,True,1,5.52
711,hôm qua,True,1,5.52
712,chuyên,False,1,5.51
713,hàn,False,1,5.51
714,thảo,False,1,5.51
715,vàng,False,1,5.51
716,áo,False,1,5.51
717,đảo,False,1,5.51
718,đồ dùng,True,1,5.51
719,chỗ,False,1,5.5
720,dung,False,1,5.5
721,dòng,False,1,5.5
722,giảm,False,1,5.5
723,khá,False,1,5.5
724,lo,False,1,5.5
725,lạc,False,1,5.5
726,lệnh,False,1,5.5
727,phản,False,1,5.5
728,vợ,False,1,5.5
729,xử,False,1,5.5
730,ủy,False,1,5.5
731,buổi,False,1,5.49
732,cáo,False,1,5.49
733,cực,False,1,5.49
734,mã,False,1,5.49
735,riêng,False,1,5.49
736,tướng,False,1,5.49
737,lâu rồi,True,2,5.49
738,hoạch,False,1,5.48
739,kỷ,False,1,5.48
740,linh,False,1,5.48
741,may,False,1,5.48
742,máu,False,1,5.48
743,quang,False,1,5.48
744,tiết,False,1,5.48
745,tuyển,False,1,5.48
746,áp,False,1,5.48
747,hôm nay,True,1,5.48
748,ca sĩ,True,1,5.48
749,bác sĩ,True,1,5.48
750,cha,False,1,5.47
751,chút,False,1,5.47
752,cánh,False,1,5.47
753,hát,False,1,5.47
754,hơi,False,1,5.47
755,miền,False,1,5.47
756,ngôi,False,1,5.47
757,nền,False,1,5.47
758,quay,False,1,5.47
759,thúc,False,1,5.47
760,to,False,1,5.47
761,tịch,False,1,5.47
762,quảng trường,True,1,5.47
763,lớp học,True,1,5.47
764,cá biển,True,2,5.47
765,chữ,False,1,5.46
766,hiểm,False,1,5.46
767,hại,False,1,5.46
768,hắn,False,1,5.46
769,khảo,False,1,5.46
770,lê,False,1,5.46
771,mẫu,False,1,5.46
772,nghiệm,False,1,5.46
773,nghỉ,False,1,5.46
774,nguy,False,1,5.46
775,ninh,False,1,5.46
776,phiên,False,1,5.46
777,phó,False,1,5.46
778,thuận,False,1,5.46
779,thôi,False,1,5.46
780,thất,False,1,5.46
781,xảy,False,1,5.46
782,tàu điện,True,1,5.46
783,mặt trời,True,1,5.46
784,chắn,False,1,5.45
785,cải,False,1,5.45
786,dấu,False,1,5.45
787,luận,False,1,5.45
788,môn,False,1,5.45
789,tôn,False,1,5.45
790,xe khách,True,1,5.45
791,biên,False,1,5.44
792,bước,False,1,5.44
793,căn,False,1,5.44
794,giai,False,1,5.44
795,kiểu,False,1,5.44
796,nông,False,1,5.44
797,quần,False,1,5.44
798,thú,False,1,5.44
799,thử,False,1,5.44
800,tức,False,1,5.44
801,đọc,False,1,5.44
802,bàn tay,True,1,5.44
803,tìm kiếm,True,1,5.44
804,thư viện,True,1,5.44
805,bổ,False,1,5.43
806,chiều,False,1,5.43
807,càng,False,1,5.43
808,lâm,False,1,5.43
809,ngồi,False,1,5.43
810,phổ,False,1,5.43
811,thơ,False,1,5.43
812,vai,False,1,5.43
813,vua,False,1,5.43
814,lạc quan,True,1,5.43
815,quay lại,True,2,5.43
816,hàng tuần,True,2,5.43
817,bí,False,1,5.42
818,bảng,False,1,5.42
819,kia,False,1,5.42
820,lộ,False,1,5.42
821,phi,False,1,5.42
822,thưởng,False,1,5.42
823,thấp,False,1,5.42
824,đề nghị,True,1,5.42
825,đồ uống,True,2,5.42
826,bệnh viện,True,1,5.42
827,thời tiết,True,1,5.42
828,bánh,False,1,5.41
829,huy,False,1,5.41
830,khởi,False,1,5.41
831,lai,False,1,5.41
832,mức,False,1,5.41
833,sai,False,1,5.41
834,sớm,False,1,5.41
835,toán,False,1,5.41
836,môn học,True,2,5.41
837,chấp,False,1,5.4
838,cấu,False,1,5.4
839,da,False,1,5.4
840,gửi,False,1,5.4
841,ngữ,False,1,5.4
842,nha,False,1,5.4
843,niên,False,1,5.4
844,thầy,False,1,5.4
845,tố,False,1,5.4
846,kết thúc,True,1,5.4
847,mạng xã hội,True,2,5.4
848,giáo dục,True,1,5.4
849,giang,False,1,5.39
850,giác,False,1,5.39
851,giết,False,1,5.39
852,kéo,False,1,5.39
853,luyện,False,1,5.39
854,lá,False,1,5.39
855,lĩnh,False,1,5.39
856,mong,False,1,5.39
857,món,False,1,5.39
858,mấy,False,1,5.39
859,ngon,False,1,5.39
860,quanh,False,1,5.39
861,sông,False,1,5.39
862,trúc,False,1,5.39
863,xuân,False,1,5.39
864,đầy,False,1,5.39
865,đừng,False,1,5.39
866,chung chung,True,2,5.39
867,coi,False,1,5.38
868,cười,False,1,5.38
869,hạnh,False,1,5.38
870,hỗ,False,1,5.38
871,khỏe,False,1,5.38
872,lương,False,1,5.38
873,mai,False,1,5.38
874,mềm,False,1,5.38
875,phú,False,1,5.38
876,thánh,False,1,5.38
877,tội,False,1,5.38
878,xây dựng,True,1,5.38
879,cụ,False,1,5.37
880,dành,False,1,5.37
881,hương,False,1,5.37
882,la,False,1,5.37
883,lẽ,False,1,5.37
884,lỗi,False,1,5.37
885,nhằm,False,1,5.37
886,suy,False,1,5.37
887,sẵn,False,1,5.37
888,tòa,False,1,5.37
889,tốc,False,1,5.37
890,điện thoại,True,1,5.37
891,nông dân,True,1,5.37
892,sân bay,True,1,5.37
893,tích cực,True,1,5.37
894,xe hơi,True,1,5.37
895,bắn,False,1,5.36
896,chứ,False,1,5.36
897,hy,False,1,5.36
898,hạt,False,1,5.36
899,nghi,False,1,5.36
900,ngành,False,1,5.36
901,nàng,False,1,5.36
902,nạn,False,1,5.36
903,thượng,False,1,5.36
904,trắng,False,1,5.36
905,đen,False,1,5.36
906,đốc,False,1,5.36
907,ổn,False,1,5.36
908,riêng tư,True,2,5.36
909,có lẽ,True,1,5.36
910,hầu,False,1,5.35
911,mạch,False,1,5.35
912,sợ,False,1,5.35
913,tộc,False,1,5.35
914,xuyên,False,1,5.35
915,xếp,False,1,5.35
916,luật sư,True,1,5.35
917,mặc dù,True,1,5.35
918,ngày mai,True,1,5.35
919,binh,False,1,5.34
920,bức,False,1,5.34
921,chồng,False,1,5.34
922,chứa,False,1,5.34
923,cậu,False,1,5.34
924,khóa,False,1,5.34
925,lửa,False,1,5.34
926,ma,False,1,5.34
927,song,False,1,5.34
928,suốt,False,1,5.34
929,tuyên,False,1,5.34
930,đem,False,1,5.34
931,đỏ,False,1,5.34
932,cạnh,False,1,5.33
933,cầm,False,1,5.33
934,dạy,False,1,5.33
935,gốc,False,1,5.33
936,hiệp,False,1,5.33
937,hôn,False,1,5.33
938,ngài,False,1,5.33
939,ngăn,False,1,5.33
940,sơ,False,1,5.33
941,tim,False,1,5.33
942,trao,False,1,5.33
943,âu,False,1,5.33
944,đài,False,1,5.33
945,trái cây,True,1,5.33
946,cha mẹ,True,1,5.33
947,cử,False,1,5.32
948,dữ,False,1,5.32
949,kẻ,False,1,5.32
950,ngờ,False,1,5.32
951,niệm,False,1,5.32
952,nối,False,1,5.32
953,phúc,False,1,5.32
954,quen,False,1,5.32
955,súng,False,1,5.32
956,thẳng,False,1,5.32
957,trạng,False,1,5.32
958,tín,False,1,5.32
959,tốc độ,True,1,5.32
960,tiêu cực,True,1,5.32
961,chấp nhận,True,1,5.32
962,băng,False,1,5.31
963,chiếu,False,1,5.31
964,cũ,False,1,5.31
965,cắt,False,1,5.31
966,cục,False,1,5.31
967,dây,False,1,5.31
968,kính,False,1,5.31
969,lạ,False,1,5.31
970,nặng,False,1,5.31
971,sắp,False,1,5.31
972,thậm,False,1,5.31
973,trách,False,1,5.31
974,món ăn,True,2,5.31
975,bàn chân,True,1,5.31
976,bầu,False,1,5.3
977,chờ,False,1,5.3
978,hãng,False,1,5.3
979,lựa,False,1,5.3
980,mối,False,1,5.3
981,nga,False,1,5.3
982,núi,False,1,5.3
983,phận,False,1,5.3
984,phối,False,1,5.3
985,quán,False,1,5.3
986,sâu,False,1,5.3
987,thuyết,False,1,5.3
988,thừa,False,1,5.3
989,trương,False,1,5.3
990,vương,False,1,5.3
991,đăng,False,1,5.3
992,đảm,False,1,5.3
993,bài kiểm tra,True,2,5.3
994,kỹ sư,True,1,5.3
995,bại,False,1,5.29
996,hạng,False,1,5.29
997,khối,False,1,5.29
998,lao,False,1,5.29
999,mãi,False,1,5.29
1000,ngựa,False,1,5.29
1001,nuôi,False,1,5.29
1002,tai,False,1,5.29
1003,xong,False,1,5.29
1004,ơn,False,1,5.29
1005,nghiêm,False,1,5.28
1006,ngắn,False,1,5.28
1007,rượu,False,1,5.28
1008,tái,False,1,5.28
1009,vượt,False,1,5.28
1010,xung,False,1,5.28
1011,đổ,False,1,5.28
1012,ước,False,1,5.28
1013,chiếm,False,1,5.27
1014,chuyến,False,1,5.27
1015,mại,False,1,5.27
1016,nhờ,False,1,5.27
1017,thao,False,1,5.27
1018,trì,False,1,5.27
1019,ví,False,1,5.27
1020,vốn,False,1,5.27
1021,vời,False,1,5.27
1022,cận,False,1,5.26
1023,dựa,False,1,5.26
1024,khắc,False,1,5.26
1025,làng,False,1,5.26
1026,lắng,False,1,5.26
1027,mơ,False,1,5.26
1028,mời,False,1,5.26
1029,ngọc,False,1,5.26
1030,nhắc,False,1,5.26
1031,phù,False,1,5.26
1032,suất,False,1,5.26
1033,thiện,False,1,5.26
1034,thoát,False,1,5.26
1035,truy,False,1,5.26
1036,tầng,False,1,5.26
1037,tận,False,1,5.26
1038,tương lai,True,1,5.26
1039,bào,False,1,5.25
1040,cuốn,False,1,5.25
1041,lái,False,1,5.25
1042,ràng,False,1,5.25
1043,thịt,False,1,5.25
1044,truyện,False,1,5.25
1045,tải,False,1,5.25
1046,xanh,False,1,5.25
1047,chắc chắn,True,1,5.25
1048,cháu,False,1,5.24
1049,cà,False,1,5.24
1050,cứng,False,1,5.24
1051,john,False,1,5.24
1052,khúc,False,1,5.24
1053,lắm,False,1,5.24
1054,nóng,False,1,5.24
1055,phóng,False,1,5.24
1056,thiệu,False,1,5.24
1057,trưng,False,1,5.24
1058,tĩnh,False,1,5.24
1059,video,False,1,5.24
1060,xét,False,1,5.24
1061,ánh,False,1,5.24
1062,đích,False,1,5.24
1063,buộc,False,1,5.23
1064,bây,False,1,5.23
1065,dụ,False,1,5.23
1066,giấy,False,1,5.23
1067,hùng,False,1,5.23
1068,hưng,False,1,5.23
1069,khăn,False,1,5.23
1070,ly,False,1,5.23
1071,phí,False,1,5.23
1072,phường,False,1,5.23
1073,phật,False,1,5.23
1074,siêu,False,1,5.23
1075,soát,False,1,5.23
1076,sóng,False,1,5.23
1077,thí,False,1,5.23
1078,trùng,False,1,5.23
1079,trừ,False,1,5.23
1080,tóc,False,1,5.23
1081,tạp,False,1,5.23
1082,tồn,False,1,5.23
1083,xấu,False,1,5.23
1084,đương,False,1,5.23
1085,đấy,False,1,5.23
1086,chào,False,1,5.22
1087,hàm,False,1,5.22
1088,liệt,False,1,5.22
1089,lạnh,False,1,5.22
1090,mái,False,1,5.22
1091,thận,False,1,5.22
1092,trụ,False,1,5.22
1093,tu,False,1,5.22
1094,đột,False,1,5.22
1095,and,False,1,5.21
1096,chàng,False,1,5.21
1097,chăm,False,1,5.21
1098,dần,False,1,5.21
1099,góp,False,1,5.21
1100,lão,False,1,5.21
1101,lược,False,1,5.21
1102,lục,False,1,5.21
1103,ngân,False,1,5.21
1104,ngôn,False,1,5.21
1105,ngươi,False,1,5.21
1106,rời,False,1,5.21
1107,túi,False,1,5.21
1108,tường,False,1,5.21
1109,miệng,False,1,5.2
1110,rừng,False,1,5.2
1111,sứ,False,1,5.2
1112,sửa,False,1,5.2
1113,điển,False,1,5.2
1114,ương,False,1,5.2
1115,suy nghĩ,True,1,5.2
1116,khỏe mạnh,True,2,5.2
1117,cường,False,1,5.19
1118,họa,False,1,5.19
1119,hủy,False,1,5.19
1120,nhiêu,False,1,5.19
1121,phê,False,1,5.19
1122,rút,False,1,5.19
1123,thụ,False,1,5.19
1124,vĩnh,False,1,5.19
1125,xứ,False,1,5.19
1126,ích,False,1,5.19
1127,đoán,False,1,5.19
1128,hỗ trợ,True,1,5.19
1129,lái xe,True,1,5.19
1130,kê,False,1,5.18
1131,mừng,False,1,5.18
1132,tông,False,1,5.18
1133,tầm,False,1,5.18
1134,tỏ,False,1,5.18
1135,vườn,False,1,5.18
1136,xương,False,1,5.18
1137,đạn,False,1,5.18
1138,đứa,False,1,5.18
1139,siêu thị,True,1,5.18
1140,sức khỏe,True,2,5.18
1141,bữa,False,1,5.17
1142,chúc,False,1,5.17
1143,hẳn,False,1,5.17
1144,kháng,False,1,5.17
1145,loài,False,1,5.17
1146,loạn,False,1,5.17
1147,nhiễm,False,1,5.17
1148,sa,False,1,5.17
1149,võ,False,1,5.17
1150,vết,False,1,5.17
1151,xúc,False,1,5.17
1152,đỡ,False,1,5.17
1153,quần áo,True,1,5.17
1154,buồn,False,1,5.16
1155,chim,False,1,5.16
1156,chu,False,1,5.16
1157,chữa,False,1,5.16
1158,cưới,False,1,5.16
1159,diệt,False,1,5.16
1160,dõi,False,1,5.16
1161,giản,False,1,5.16
1162,gắng,False,1,5.16
1163,hề,False,1,5.16
1164,lính,False,1,5.16
1165,mùi,False,1,5.16
1166,quên,False,1,5.16
1167,rơi,False,1,5.16
1168,sàng,False,1,5.16
1169,sóc,False,1,5.16
1170,sạch,False,1,5.16
1171,thôn,False,1,5.16
1172,tạm,False,1,5.16
1173,tả,False,1,5.16
1174,tấm,False,1,5.16
1175,đám,False,1,5.16
1176,nguy hiểm,True,1,5.16
1177,chỉnh,False,1,5.15
1178,dầu,False,1,5.15
1179,hộp,False,1,5.15
1180,kì,False,1,5.15
1181,nổ,False,1,5.15
1182,thỏa,False,1,5.15
1183,thờ,False,1,5.15
1184,vinh,False,1,5.15
1185,vân,False,1,5.15
1186,web,False,1,5.15
1187,đón,False,1,5.15
1188,đợi,False,1,5.15
1189,ngân hàng,True,1,5.15
1190,trái tim,True,1,5.15
1191,bày,False,1,5.14
1192,bụng,False,1,5.14
1193,hồn,False,1,5.14
1194,loạt,False,1,5.14
1195,lành,False,1,5.14
1196,nâng,False,1,5.14
1197,rối,False,1,5.14
1198,sắt,False,1,5.14
1199,tam,False,1,5.14
1200,đẩy,False,1,5.14
1201,sạch sẽ,True,1,5.14
1202,bạch,False,1,5.13
1203,chó,False,1,5.13
1204,cơn,False,1,5.13
1205,lượt,False,1,5.13
1206,lối,False,1,5.13
1207,nỗi,False,1,5.13
1208,nửa,False,1,5.13
1209,thăm,False,1,5.13
1210,trải,False,1,5.13
1211,tá,False,1,5.13
1212,rõ ràng,True,1,5.13
1213,nhà thờ,True,1,5.13
1214,bầu trời,True,1,5.13
1215,chóng,False,1,5.12
1216,game,False,1,5.12
1217,khắp,False,1,5.12
1218,khủng,False,1,5.12
1219,mắc,False,1,5.12
1220,new,False,1,5.12
1221,nguyện,False,1,5.12
1222,ngũ,False,1,5.12
1223,nắm,False,1,5.12
1224,quà,False,1,5.12
1225,thuê,False,1,5.12
1226,thập,False,1,5.12
1227,đậu,False,1,5.12
1228,giúp đỡ,True,1,5.12
1229,lạnh giá,True,2,5.12
1230,bom,False,1,5.11
1231,bạc,False,1,5.11
1232,dừng,False,1,5.11
1233,khánh,False,1,5.11
1234,ko,False,1,5.11
1235,màn,False,1,5.11
1236,mộ,False,1,5.11
1237,ngược,False,1,5.11
1238,nợ,False,1,5.11
1239,thổ,False,1,5.11
1240,tiện,False,1,5.11
1241,triều,False,1,5.11
1242,tắm,False,1,5.11
1243,vợ chồng,True,1,5.11
1244,bãi,False,1,5.1
1245,chùa,False,1,5.1
1246,chảy,False,1,5.1
1247,già,False,1,5.1
1248,hảo,False,1,5.1
1249,lông,False,1,5.1
1250,ngừng,False,1,5.1
1251,of,False,1,5.1
1252,sung,False,1,5.1
1253,thác,False,1,5.1
1254,uy,False,1,5.1
1255,ẩm,False,1,5.1
1256,bọn,False,1,5.09
1257,bốn,False,1,5.09
1258,chặt,False,1,5.09
1259,cát,False,1,5.09
1260,hút,False,1,5.09
1261,liền,False,1,5.09
1262,não,False,1,5.09
1263,trại,False,1,5.09
1264,tù,False,1,5.09
1265,tắt,False,1,5.09
1266,đà,False,1,5.09
1267,đơn giản,True,1,5.09
1268,bậc,False,1,5.08
1269,giáp,False,1,5.08
1270,mực,False,1,5.08
1271,no,False,1,5.08
1272,thọ,False,1,5.08
1273,tắc,False,1,5.08
1274,website,False,1,5.08
1275,xinh,False,1,5.08
1276,đèn,False,1,5.08
1277,đỉnh,False,1,5.08
1278,ẩn,False,1,5.08
1279,bữa sáng,True,2,5.08
1280,bang,False,1,5.07
1281,chậm,False,1,5.07
1282,chụp,False,1,5.07
1283,hoá,False,1,5.07
1284,hài,False,1,5.07
1285,hào,False,1,5.07
1286,hẹn,False,1,5.07
1287,ngàn,False,1,5.07
1288,săn,False,1,5.07
1289,sổ,False,1,5.07
1290,thang,False,1,5.07
1291,thước,False,1,5.07
1292,thở,False,1,5.07
1293,tặng,False,1,5.07
1294,tờ,False,1,5.07
1295,vũ trụ,True,1,5.07
1296,bữa tối,True,2,5.07
1297,can,False,1,5.06
1298,cháy,False,1,5.06
1299,giành,False,1,5.06
1300,gà,False,1,5.06
1301,hổ,False,1,5.06
1302,khiển,False,1,5.06
1303,khổ,False,1,5.06
1304,kênh,False,1,5.06
1305,mệnh,False,1,5.06
1306,nghề,False,1,5.06
1307,phái,False,1,5.06
1308,thù,False,1,5.06
1309,thạch,False,1,5.06
1310,trấn,False,1,5.06
1311,tùy,False,1,5.06
1312,đẳng,False,1,5.06
1313,đế,False,1,5.06
1314,thất bại,True,1,5.06
1315,tiền bạc,True,1,5.06
1316,hè,False,1,5.05
1317,lưng,False,1,5.05
1318,mạc,False,1,5.05
1319,quê,False,1,5.05
1320,tan,False,1,5.05
1321,thuyền,False,1,5.05
1322,trào,False,1,5.05
1323,trông,False,1,5.05
1324,tô,False,1,5.05
1325,đệ,False,1,5.05
1326,hạnh phúc,True,1,5.05
1327,phương tiện,True,1,5.05
1328,cải thiện,True,1,5.05
1329,bờ,False,1,5.04
1330,dàng,False,1,5.04
1331,dậy,False,1,5.04
1332,dị,False,1,5.04
1333,dọa,False,1,5.04
1334,gắn,False,1,5.04
1335,lỗ,False,1,5.04
1336,mê,False,1,5.04
1337,mười,False,1,5.04
1338,mắn,False,1,5.04
1339,phiếu,False,1,5.04
1340,quỹ,False,1,5.04
1341,trữ,False,1,5.04
1342,đo,False,1,5.04
1343,ưu,False,1,5.04
1344,bò,False,1,5.03
1345,bật,False,1,5.03
1346,giường,False,1,5.03
1347,kêu,False,1,5.03
1348,mũi,False,1,5.03
1349,ngô,False,1,5.03
1350,thẩm,False,1,5.03
1351,vĩ,False,1,5.03
1352,đáp,False,1,5.03
1353,sắp xếp,True,1,5.03
1354,cẩn,False,1,5.02
1355,cặp,False,1,5.02
1356,dao,False,1,5.02
1357,hấp,False,1,5.02
1358,hỏng,False,1,5.02
1359,khoản,False,1,5.02
1360,lộc,False,1,5.02
1361,mệt,False,1,5.02
1362,thăng,False,1,5.02
1363,địch,False,1,5.02
1364,bình đẳng,True,1,5.02
1365,bề,False,1,5.01
1366,chạm,False,1,5.01
1367,chặn,False,1,5.01
1368,cương,False,1,5.01
1369,dưỡng,False,1,5.01
1370,dạ,False,1,5.01
1371,gió,False,1,5.01
1372,giỏi,False,1,5.01
1373,hỏa,False,1,5.01
1374,lẫn,False,1,5.01
1375,sáu,False,1,5.01
1376,tệ,False,1,5.01
1377,bồ,False,1,5.0
1378,che,False,1,5.0
1379,giấc,False,1,5.0
1380,họp,False,1,5.0
1381,hứng,False,1,5.0
1382,lí,False,1,5.0
1383,mày,False,1,5.0
1384,trồng,False,1,5.0
1385,tán,False,1,5.0
1386,tổn,False,1,5.0
1387,cam,False,1,4.99
1388,dám,False,1,4.99
1389,ga,False,1,4.99
1390,ghế,False,1,4.99
1391,giây,False,1,4.99
1392,giọng,False,1,4.99
1393,gỗ,False,1,4.99
1394,khám,False,1,4.99
1395,miễn,False,1,4.99
1396,ngang,False,1,4.99
1397,nhẹ,False,1,4.99
1398,nỗ,False,1,4.99
1399,thiệt,False,1,4.99
1400,thua,False,1,4.99
1401,tri,False,1,4.99
1402,tỉ,False,1,4.99
1403,viễn,False,1,4.99
1404,vỡ,False,1,4.99
1405,york,False,1,4.99
1406,ác,False,1,4.99
1407,ống,False,1,4.99
1408,nóng bức,True,2,4.99
1409,bi,False,1,4.98
1410,giảng,False,1,4.98
1411,hoang,False,1,4.98
1412,huyền,False,1,4.98
1413,huấn,False,1,4.98
1414,mông,False,1,4.98
1415,mưa,False,1,4.98
1416,niềm,False,1,4.98
1417,tàn,False,1,4.98
1418,đuổi,False,1,4.98
1419,đỗ,False,1,4.98
1420,nhà ga,True,1,4.98
1421,nông thôn,True,1,4.98
1422,bá,False,1,4.97
1423,cổng,False,1,4.97
1424,cờ,False,1,4.97
1425,ha,False,1,4.97
1426,khô,False,1,4.97
1427,lầm,False,1,4.97
1428,phức,False,1,4.97
1429,trục,False,1,4.97
1430,usd,False,1,4.97
1431,xâm,False,1,4.97
1432,ủng,False,1,4.97
1433,bè,False,1,4.96
1434,city,False,1,4.96
1435,cân,False,1,4.96
1436,cấm,False,1,4.96
1437,huynh,False,1,4.96
1438,hứa,False,1,4.96
1439,kho,False,1,4.96
1440,kịch,False,1,4.96
1441,on,False,1,4.96
1442,phan,False,1,4.96
1443,phạt,False,1,4.96
1444,sài,False,1,4.96
1445,sạn,False,1,4.96
1446,thoải,False,1,4.96
1447,tung,False,1,4.96
1448,tần,False,1,4.96
1449,vẽ,False,1,4.96
1450,bi quan,True,1,4.96
1451,kích thước,True,1,4.96
1452,trải nghiệm,True,1,4.96
1453,bối,False,1,4.95
1454,canh,False,1,4.95
1455,góc,False,1,4.95
1456,hiến,False,1,4.95
1457,nhu,False,1,4.95
1458,phán,False,1,4.95
1459,răng,False,1,4.95
1460,tháp,False,1,4.95
1461,top,False,1,4.95
1462,trú,False,1,4.95
1463,trăm,False,1,4.95
1464,trống,False,1,4.95
1465,túc,False,1,4.95
1466,xưa,False,1,4.95
1467,phòng khám,True,1,4.95
1468,bờ biển,True,2,4.95
1469,biện,False,1,4.94
1470,chối,False,1,4.94
1471,chợ,False,1,4.94
1472,khán,False,1,4.94
1473,lặng,False,1,4.94
1474,phu,False,1,4.94
1475,xu,False,1,4.94
1476,đai,False,1,4.94
1477,đập,False,1,4.94
1478,đốt,False,1,4.94
1479,bạn bè,True,1,4.94
1480,mắt mũi,True,2,4.94
1481,tai miệng,True,2,4.94
1482,bão,False,1,4.93
1483,chuột,False,1,4.93
1484,chấm,False,1,4.93
1485,cốt,False,1,4.93
1486,gòn,False,1,4.93
1487,james,False,1,4.93
1488,khóc,False,1,4.93
1489,loan,False,1,4.93
1490,lãng,False,1,4.93
1491,lăng,False,1,4.93
1492,lưới,False,1,4.93
1493,mẽ,False,1,4.93
1494,nhắn,False,1,4.93
1495,ném,False,1,4.93
1496,pha,False,1,4.93
1497,thảm,False,1,4.93
1498,tròn,False,1,4.93
1499,trứng,False,1,4.93
1500,tứ,False,1,4.93
1501,vạn,False,1,4.93
1502,đinh,False,1,4.93
1503,từ chối,True,1,4.93
1504,bơi,False,1,4.92
1505,cỏ,False,1,4.92
1506,dĩ,False,1,4.92
1507,gấp,False,1,4.92
1508,lui,False,1,4.92
1509,ngọt,False,1,4.92
1510,nhảy,False,1,4.92
1511,thai,False,1,4.92
1512,thuế,False,1,4.92
1513,thẻ,False,1,4.92
1514,trốn,False,1,4.92
1515,tọa,False,1,4.92
1516,tụ,False,1,4.92
1517,vỏ,False,1,4.92
1518,đe,False,1,4.92
1519,điệu,False,1,4.92
1520,đua,False,1,4.92
1521,tàu hỏa,True,2,4.92
1522,bạo,False,1,4.91
1523,cup,False,1,4.91
1524,cản,False,1,4.91
1525,dũng,False,1,4.91
1526,dư,False,1,4.91
1527,giàu,False,1,4.91
1528,giày,False,1,4.91
1529,hô,False,1,4.91
1530,hư,False,1,4.91
1531,khấu,False,1,4.91
1532,lam,False,1,4.91
1533,mi,False,1,4.91
1534,mãn,False,1,4.91
1535,phước,False,1,4.91
1536,rãi,False,1,4.91
1537,vong,False,1,4.91
1538,đền,False,1,4.91
1539,tin nhắn,True,2,4.91
1540,chừng,False,1,4.9
1541,dặm,False,1,4.9
1542,internet,False,1,4.9
1543,khuyên,False,1,4.9
1544,kịp,False,1,4.9
1545,mảnh,False,1,4.9
1546,ngực,False,1,4.9
1547,rác,False,1,4.9
1548,tha,False,1,4.9
1549,thả,False,1,4.9
1550,tiệc,False,1,4.9
1551,treo,False,1,4.9
1552,tách,False,1,4.9
1553,tống,False,1,4.9
1554,ung,False,1,4.9
1555,đuôi,False,1,4.9
1556,đòi,False,1,4.9
1557,bám,False,1,4.89
1558,dày,False,1,4.89
1559,hiển,False,1,4.89
1560,kg,False,1,4.89
1561,lang,False,1,4.89
1562,ngã,False,1,4.89
1563,rửa,False,1,4.89
1564,thịnh,False,1,4.89
1565,đĩa,False,1,4.89
1566,đồn,False,1,4.89
1567,khám phá,True,1,4.89
1568,buôn,False,1,4.88
1569,chánh,False,1,4.88
1570,cựu,False,1,4.88
1571,km,False,1,4.88
1572,kém,False,1,4.88
1573,phỏng,False,1,4.88
1574,trà,False,1,4.88
1575,you,False,1,4.88
1576,ép,False,1,4.88
1577,úc,False,1,4.88
1578,điệp,False,1,4.88
1579,ấm,False,1,4.88
1580,ốc,False,1,4.88
1581,sửa chữa,True,1,4.88
1582,bảy,False,1,4.87
1583,chuỗi,False,1,4.87
1584,căng,False,1,4.87
1585,dinh,False,1,4.87
1586,dính,False,1,4.87
1587,hoài,False,1,4.87
1588,lôi,False,1,4.87
1589,michael,False,1,4.87
1590,nhánh,False,1,4.87
1591,tháo,False,1,4.87
1592,thằng,False,1,4.87
1593,tiếc,False,1,4.87
1594,trích,False,1,4.87
1595,tảng,False,1,4.87
1596,world,False,1,4.87
1597,xứng,False,1,4.87
1598,đựng,False,1,4.87
1599,ảo,False,1,4.87
1600,đồ ngọt,True,2,4.87
1601,cỡ,False,1,4.86
1602,hiếm,False,1,4.86
1603,hiếu,False,1,4.86
1604,hầm,False,1,4.86
1605,lào,False,1,4.86
1606,mộc,False,1,4.86
1607,tùng,False,1,4.86
1608,vé,False,1,4.86
1609,khách sạn,True,1,4.86
1610,bia,False,1,4.85
1611,chấn,False,1,4.85
1612,cú,False,1,4.85
1613,cất,False,1,4.85
1614,cột,False,1,4.85
1615,david,False,1,4.85
1616,dược,False,1,4.85
1617,gan,False,1,4.85
1618,giận,False,1,4.85
1619,hoà,False,1,4.85
1620,hung,False,1,4.85
1621,man,False,1,4.85
1622,mau,False,1,4.85
1623,mát,False,1,4.85
1624,mưu,False,1,4.85
1625,thuần,False,1,4.85
1626,thợ,False,1,4.85
1627,trăng,False,1,4.85
1628,ám,False,1,4.85
1629,đợt,False,1,4.85
1630,chín,False,1,4.84
1631,cán,False,1,4.84
1632,cảng,False,1,4.84
1633,http,False,1,4.84
1634,san,False,1,4.84
1635,sót,False,1,4.84
1636,trạm,False,1,4.84
1637,tước,False,1,4.84
1638,ái,False,1,4.84
1639,đeo,False,1,4.84
1640,đàm,False,1,4.84
1641,thịt gà,True,2,4.84
1642,giấy tờ,True,1,4.84
1643,bẩn,False,1,4.83
1644,bếp,False,1,4.83
1645,cướp,False,1,4.83
1646,dọc,False,1,4.83
1647,gương,False,1,4.83
1648,is,False,1,4.83
1649,lô,False,1,4.83
1650,non,False,1,4.83
1651,thiểu,False,1,4.83
1652,thách,False,1,4.83
1653,trinh,False,1,4.83
1654,trúng,False,1,4.83
1655,tàng,False,1,4.83
1656,tựa,False,1,4.83
1657,van,False,1,4.83
1658,ân,False,1,4.83
1659,điền,False,1,4.83
1660,thịt bò,True,2,4.83
1661,bến,False,1,4.82
1662,cai,False,1,4.82
1663,chủng,False,1,4.82
1664,dàn,False,1,4.82
1665,dứt,False,1,4.82
1666,hi,False,1,4.82
1667,huyết,False,1,4.82
1668,huế,False,1,4.82
1669,ii,False,1,4.82
1670,khổng,False,1,4.82
1671,kiên,False,1,4.82
1672,miếng,False,1,4.82
1673,ngạc,False,1,4.82
1674,ngọn,False,1,4.82
1675,nhi,False,1,4.82
1676,sẻ,False,1,4.82
1677,tuyết,False,1,4.82
1678,mặt trăng,True,2,4.82
1679,bát,False,1,4.81
1680,bột,False,1,4.81
1681,chinh,False,1,4.81
1682,cốc,False,1,4.81
1683,giam,False,1,4.81
1684,khuyến,False,1,4.81
1685,kệ,False,1,4.81
1686,lũ,False,1,4.81
1687,lừa,False,1,4.81
1688,me,False,1,4.81
1689,nghèo,False,1,4.81
1690,ngón,False,1,4.81
1691,ngơi,False,1,4.81
1692,ngại,False,1,4.81
1693,nấu,False,1,4.81
1694,park,False,1,4.81
1695,say,False,1,4.81
1696,than,False,1,4.81
1697,tuấn,False,1,4.81
1698,bảo tàng,True,1,4.81
1699,thợ điện,True,2,4.81
1700,chở,False,1,4.8
1701,cãi,False,1,4.8
1702,george,False,1,4.8
1703,ho,False,1,4.8
1704,hán,False,1,4.8
1705,hỗn,False,1,4.8
1706,khuôn,False,1,4.8
1707,kèm,False,1,4.8
1708,nhẫn,False,1,4.8
1709,singapore,False,1,4.8
1710,sánh,False,1,4.8
1711,sữa,False,1,4.8
1712,thiền,False,1,4.8
1713,thùng,False,1,4.8
1714,trưa,False,1,4.8
1715,xóa,False,1,4.8
1716,bến xe,True,1,4.8
1717,sa mạc,True,1,4.8
1718,duyệt,False,1,4.79
1719,dường,False,1,4.79
1720,hang,False,1,4.79
1721,hoan,False,1,4.79
1722,mèo,False,1,4.79
1723,móc,False,1,4.79
1724,phiền,False,1,4.79
1725,pháo,False,1,4.79
1726,soạn,False,1,4.79
1727,thám,False,1,4.79
1728,tú,False,1,4.79
1729,ôm,False,1,4.79
1730,xe ô tô,True,2,4.79
1731,chán,False,1,4.78
1732,cụm,False,1,4.78
1733,giãn,False,1,4.78
1734,hòn,False,1,4.78
1735,hối,False,1,4.78
1736,luân,False,1,4.78
1737,lát,False,1,4.78
1738,mạn,False,1,4.78
1739,mồi,False,1,4.78
1740,rắn,False,1,4.78
1741,sỹ,False,1,4.78
1742,thải,False,1,4.78
1743,viêm,False,1,4.78
1744,hang động,True,1,4.78
1745,ấm áp,True,2,4.78
1746,phức tạp,True,1,4.78
1747,bách,False,1,4.77
1748,co,False,1,4.77
1749,dã,False,1,4.77
1750,hằng,False,1,4.77
1751,khái,False,1,4.77
1752,phẫu,False,1,4.77
1753,trầm,False,1,4.77
1754,trộm,False,1,4.77
1755,xưởng,False,1,4.77
1756,đan,False,1,4.77
1757,ức,False,1,4.77
1758,bận,False,1,4.76
1759,chai,False,1,4.76
1760,chiêu,False,1,4.76
1761,chăn,False,1,4.76
1762,côn,False,1,4.76
1763,cẩm,False,1,4.76
1764,de,False,1,4.76
1765,khẳng,False,1,4.76
1766,kín,False,1,4.76
1767,liều,False,1,4.76
1768,mm,False,1,4.76
1769,my,False,1,4.76
1770,nho,False,1,4.76
1771,nô,False,1,4.76
1772,quyển,False,1,4.76
1773,rau,False,1,4.76
1774,tia,False,1,4.76
1775,tiêm,False,1,4.76
1776,windows,False,1,4.76
1777,úy,False,1,4.76
1778,quán cà phê,True,2,4.76
1779,thợ may,True,2,4.76
1780,chìm,False,1,4.75
1781,cám,False,1,4.75
1782,for,False,1,4.75
1783,khung,False,1,4.75
1784,khát,False,1,4.75
1785,kĩ,False,1,4.75
1786,malaysia,False,1,4.75
1787,muối,False,1,4.75
1788,màng,False,1,4.75
1789,mộng,False,1,4.75
1790,thép,False,1,4.75
1791,thụy,False,1,4.75
1792,tour,False,1,4.75
1793,tuân,False,1,4.75
1794,tám,False,1,4.75
1795,táo,False,1,4.75
1796,tốn,False,1,4.75
1797,vững,False,1,4.75
1798,xạ,False,1,4.75
1799,bông,False,1,4.74
1800,cửu,False,1,4.74
1801,dâm,False,1,4.74
1802,hoảng,False,1,4.74
1803,khoan,False,1,4.74
1804,khôi,False,1,4.74
1805,khẩn,False,1,4.74
1806,leo,False,1,4.74
1807,lưỡi,False,1,4.74
1808,lồ,False,1,4.74
1809,mạo,False,1,4.74
1810,nhuận,False,1,4.74
1811,nhị,False,1,4.74
1812,sàn,False,1,4.74
1813,túy,False,1,4.74
1814,đầm,False,1,4.74
1815,album,False,1,4.73
1816,bùi,False,1,4.73
1817,google,False,1,4.73
1818,khoáng,False,1,4.73
1819,khuẩn,False,1,4.73
1820,khích,False,1,4.73
1821,khứ,False,1,4.73
1822,kiều,False,1,4.73
1823,lẻ,False,1,4.73
1824,lọc,False,1,4.73
1825,paris,False,1,4.73
1826,peter,False,1,4.73
1827,trôi,False,1,4.73
1828,trượt,False,1,4.73
1829,vuông,False,1,4.73
1830,xá,False,1,4.73
1831,ơi,False,1,4.73
1832,bụi,False,1,4.72
1833,chép,False,1,4.72
1834,duyên,False,1,4.72
1835,gián,False,1,4.72
1836,men,False,1,4.72
1837,mây,False,1,4.72
1838,mù,False,1,4.72
1839,quỷ,False,1,4.72
1840,sợi,False,1,4.72
1841,tao,False,1,4.72
1842,tủ,False,1,4.72
1843,vây,False,1,4.72
1844,đặng,False,1,4.72
1845,chư,False,1,4.71
1846,chả,False,1,4.71
1847,dọn,False,1,4.71
1848,hẹp,False,1,4.71
1849,kem,False,1,4.71
1850,kiệt,False,1,4.71
1851,lân,False,1,4.71
1852,lồng,False,1,4.71
1853,muộn,False,1,4.71
1854,mì,False,1,4.71
1855,nguyệt,False,1,4.71
1856,ngầm,False,1,4.71
1857,nét,False,1,4.71
1858,nấm,False,1,4.71
1859,phe,False,1,4.71
1860,quái,False,1,4.71
1861,tiềm,False,1,4.71
1862,trịnh,False,1,4.71
1863,vội,False,1,4.71
1864,đoạt,False,1,4.71
1865,đói,False,1,4.71
1866,quá khứ,True,1,4.71
1867,bỉ,False,1,4.7
1868,gói,False,1,4.7
1869,hiền,False,1,4.7
1870,lỏng,False,1,4.7
1871,ngắm,False,1,4.7
1872,rồng,False,1,4.7
1873,su,False,1,4.7
1874,tang,False,1,4.7
1875,thạnh,False,1,4.7
1876,xoay,False,1,4.7
1877,đằng,False,1,4.7
1878,ngọn núi,True,2,4.7
1879,núi non,True,1,4.7
1880,bồi,False,1,4.69
1881,canada,False,1,4.69
1882,dáng,False,1,4.69
1883,ghé,False,1,4.69
1884,giáng,False,1,4.69
1885,league,False,1,4.69
1886,lãm,False,1,4.69
1887,mến,False,1,4.69
1888,na,False,1,4.69
1889,nhãn,False,1,4.69
1890,nhượng,False,1,4.69
1891,nút,False,1,4.69
1892,nướng,False,1,4.69
1893,sốt,False,1,4.69
1894,thưa,False,1,4.69
1895,tv,False,1,4.69
1896,tươi,False,1,4.69
1897,ven,False,1,4.69
1898,xô,False,1,4.69
1899,ôn,False,1,4.69
1900,mưa gió,True,1,4.69
1901,by,False,1,4.68
1902,bút,False,1,4.68
1903,dạo,False,1,4.68
1904,it,False,1,4.68
1905,khen,False,1,4.68
1906,khôn,False,1,4.68
1907,kí,False,1,4.68
1908,lắp,False,1,4.68
1909,mồ,False,1,4.68
1910,nhấn,False,1,4.68
1911,paul,False,1,4.68
1912,tạ,False,1,4.68
1913,vang,False,1,4.68
1914,vú,False,1,4.68
1915,xích,False,1,4.68
1916,đồi,False,1,4.68
1917,ấp,False,1,4.68
1918,axit,False,1,4.67
1919,cống,False,1,4.67
1920,giấu,False,1,4.67
1921,heo,False,1,4.67
1922,hôi,False,1,4.67
1923,kỉ,False,1,4.67
1924,lò,False,1,4.67
1925,lầu,False,1,4.67
1926,mọc,False,1,4.67
1927,mỏi,False,1,4.67
1928,nạp,False,1,4.67
1929,nẵng,False,1,4.67
1930,triết,False,1,4.67
1931,tóm,False,1,4.67
1932,xóm,False,1,4.67
1933,thuốc men,True,1,4.67
1934,bọc,False,1,4.66
1935,cáp,False,1,4.66
1936,dâng,False,1,4.66
1937,hot,False,1,4.66
1938,huỳnh,False,1,4.66
1939,hâm,False,1,4.66
1940,lee,False,1,4.66
1941,mươi,False,1,4.66
1942,nghìn,False,1,4.66
1943,nâu,False,1,4.66
1944,nương,False,1,4.66
1945,quét,False,1,4.66
1946,ruột,False,1,4.66
1947,sưu,False,1,4.66
1948,virus,False,1,4.66
1949,đẻ,False,1,4.66
1950,all,False,1,4.65
1951,bốc,False,1,4.65
1952,bội,False,1,4.65
1953,cm,False,1,4.65
1954,cược,False,1,4.65
1955,dâu,False,1,4.65
1956,im,False,1,4.65
1957,lúa,False,1,4.65
1958,lợn,False,1,4.65
1959,nạ,False,1,4.65
1960,rũ,False,1,4.65
1961,thiệp,False,1,4.65
1962,thoái,False,1,4.65
1963,thổi,False,1,4.65
1964,tiệm,False,1,4.65
1965,trộn,False,1,4.65
1966,va,False,1,4.65
1967,bữa trưa,True,2,4.65
1968,giật,False,1,4.64
1969,gã,False,1,4.64
1970,hận,False,1,4.64
1971,mét,False,1,4.64
1972,mỏ,False,1,4.64
1973,ngư,False,1,4.64
1974,ngập,False,1,4.64
1975,nhầm,False,1,4.64
1976,nụ,False,1,4.64
1977,suối,False,1,4.64
1978,tớ,False,1,4.64
1979,điên,False,1,4.64
1980,đạp,False,1,4.64
1981,chôn,False,1,4.63
1982,chăng,False,1,4.63
1983,gợi,False,1,4.63
1984,huệ,False,1,4.63
1985,hãi,False,1,4.63
1986,hưu,False,1,4.63
1987,kiếp,False,1,4.63
1988,má,False,1,4.63
1989,mũ,False,1,4.63
1990,nai,False,1,4.63
1991,ng,False,1,4.63
1992,nhạt,False,1,4.63
1993,nhịp,False,1,4.63
1994,phế,False,1,4.63
1995,đáy,False,1,4.63
1996,đâm,False,1,4.63
1997,đống,False,1,4.63
1998,đớn,False,1,4.63
1999,bánh mì,True,1,4.63
2000,henry,False,1,4.62
2001,huống,False,1,4.62
2002,khang,False,1,4.62
2003,lưỡng,False,1,4.62
2004,lỡ,False,1,4.62
2005,nhắm,False,1,4.62
2006,nát,False,1,4.62
2007,phẳng,False,1,4.62
2008,quỳnh,False,1,4.62
2009,robert,False,1,4.62
2010,tràn,False,1,4.62
2011,tạng,False,1,4.62
2012,váy,False,1,4.62
2013,with,False,1,4.62
2014,xe đạp,True,1,4.62
2015,diệu,False,1,4.61
2016,dịp,False,1,4.61
2017,file,False,1,4.61
2018,ghép,False,1,4.61
2019,group,False,1,4.61
2020,gỡ,False,1,4.61
2021,kh,False,1,4.61
2022,khoẻ,False,1,4.61
2023,london,False,1,4.61
2024,mark,False,1,4.61
2025,one,False,1,4.61
2026,phấn,False,1,4.61
2027,uỷ,False,1,4.61
2028,óc,False,1,4.61
2029,đắc,False,1,4.61
2030,tiệm thuốc,True,2,4.61
2031,am,False,1,4.6
2032,buông,False,1,4.6
2033,béo,False,1,4.6
2034,bê,False,1,4.6
2035,bấy,False,1,4.6
2036,camera,False,1,4.6
2037,cúc,False,1,4.6
2038,dò,False,1,4.6
2039,gạo,False,1,4.6
2040,khói,False,1,4.6
2041,li,False,1,4.6
2042,ngưỡng,False,1,4.6
2043,ong,False,1,4.6
2044,protein,False,1,4.6
2045,quyến,False,1,4.6
2046,quát,False,1,4.6
2047,vịnh,False,1,4.6
2048,xi,False,1,4.6
2049,ưa,False,1,4.6
2050,đầu óc,True,1,4.6
2051,bàng,False,1,4.59
2052,bền,False,1,4.59
2053,cự,False,1,4.59
2054,gánh,False,1,4.59
2055,gối,False,1,4.59
2056,khoác,False,1,4.59
2057,lùi,False,1,4.59
2058,lặp,False,1,4.59
2059,mary,False,1,4.59
2060,ngoan,False,1,4.59
2061,ngộ,False,1,4.59
2062,nộp,False,1,4.59
2063,thắc,False,1,4.59
2064,thỉnh,False,1,4.59
2065,trân,False,1,4.59
2066,đậm,False,1,4.59
2067,bớt,False,1,4.58
2068,ghét,False,1,4.58
2069,hoại,False,1,4.58
2070,mexico,False,1,4.58
2071,móng,False,1,4.58
2072,măng,False,1,4.58
2073,rốt,False,1,4.58
2074,ti,False,1,4.58
2075,tật,False,1,4.58
2076,xăng,False,1,4.58
2077,bar,False,1,4.57
2078,charles,False,1,4.57
2079,chuông,False,1,4.57
2080,cong,False,1,4.57
2081,cắm,False,1,4.57
2082,diệp,False,1,4.57
2083,dãy,False,1,4.57
2084,gai,False,1,4.57
2085,khoá,False,1,4.57
2086,lùng,False,1,4.57
2087,lệch,False,1,4.57
2088,lộn,False,1,4.57
2089,mượn,False,1,4.57
2090,mảng,False,1,4.57
2091,nề,False,1,4.57
2092,quỳ,False,1,4.57
2093,richard,False,1,4.57
2094,rẻ,False,1,4.57
2095,sụp,False,1,4.57
2096,tre,False,1,4.57
2097,youtube,False,1,4.57
2098,đáo,False,1,4.57
2099,air,False,1,4.56
2100,bái,False,1,4.56
2101,bỏng,False,1,4.56
2102,củng,False,1,4.56
2103,model,False,1,4.56
2104,ngự,False,1,4.56
2105,syria,False,1,4.56
2106,thuẫn,False,1,4.56
2107,trật,False,1,4.56
2108,vả,False,1,4.56
2109,đc,False,1,4.56
2110,đùa,False,1,4.56
2111,ồn,False,1,4.56
2112,bùng,False,1,4.55
2113,bọ,False,1,4.55
2114,chìa,False,1,4.55
2115,cơm,False,1,4.55
2116,cạn,False,1,4.55
2117,frank,False,1,4.55
2118,indonesia,False,1,4.55
2119,khuyết,False,1,4.55
2120,lau,False,1,4.55
2121,lót,False,1,4.55
2122,lật,False,1,4.55
2123,ngưng,False,1,4.55
2124,ngợi,False,1,4.55
2125,nhĩ,False,1,4.55
2126,nhựa,False,1,4.55
2127,nở,False,1,4.55
2128,online,False,1,4.55
2129,phổi,False,1,4.55
2130,ranh,False,1,4.55
2131,sướng,False,1,4.55
2132,thoảng,False,1,4.55
2133,thỏ,False,1,4.55
2134,tráng,False,1,4.55
2135,v.v,False,1,4.55
2136,voi,False,1,4.55
2137,vành,False,1,4.55
2138,william,False,1,4.55
2139,thợ mộc,True,1,4.55
2140,thịt lợn,True,2,4.55
2141,bệnh tật,True,1,4.55
2142,bưu,False,1,4.54
2143,chốt,False,1,4.54
2144,cuồng,False,1,4.54
2145,dẹp,False,1,4.54
2146,inch,False,1,4.54
2147,làn,False,1,4.54
2148,lọt,False,1,4.54
2149,nhàng,False,1,4.54
2150,nhện,False,1,4.54
2151,nêu,False,1,4.54
2152,nắng,False,1,4.54
2153,phun,False,1,4.54
2154,phùng,False,1,4.54
2155,phượng,False,1,4.54
2156,ruộng,False,1,4.54
2157,rắc,False,1,4.54
2158,sói,False,1,4.54
2159,taxi,False,1,4.54
2160,thắt,False,1,4.54
2161,tom,False,1,4.54
2162,tuệ,False,1,4.54
2163,tò,False,1,4.54
2164,vu,False,1,4.54
2165,đòn,False,1,4.54
2166,đúc,False,1,4.54
2167,đắn,False,1,4.54
2168,ướt,False,1,4.54
2169,campuchia,False,1,4.53
2170,carl,False,1,4.53
2171,chẽ,False,1,4.53
2172,cậy,False,1,4.53
2173,cắn,False,1,4.53
2174,dong,False,1,4.53
2175,dối,False,1,4.53
2176,gấu,False,1,4.53
2177,harry,False,1,4.53
2178,hân,False,1,4.53
2179,khớp,False,1,4.53
2180,lạt,False,1,4.53
2181,martin,False,1,4.53
2182,mậu,False,1,4.53
2183,nhỉ,False,1,4.53
2184,philippines,False,1,4.53
2185,phụng,False,1,4.53
2186,quế,False,1,4.53
2187,ray,False,1,4.53
2188,rào,False,1,4.53
2189,show,False,1,4.53
2190,thô,False,1,4.53
2191,trừng,False,1,4.53
2192,xe taxi,True,2,4.53
2193,bó,False,1,4.52
2194,bóp,False,1,4.52
2195,chén,False,1,4.52
2196,cuộn,False,1,4.52
2197,cắp,False,1,4.52
2198,dải,False,1,4.52
2199,go,False,1,4.52
2200,iii,False,1,4.52
2201,khỉ,False,1,4.52
2202,kitô,False,1,4.52
2203,kỵ,False,1,4.52
2204,love,False,1,4.52
2205,mâu,False,1,4.52
2206,mò,False,1,4.52
2207,múa,False,1,4.52
2208,nồng,False,1,4.52
2209,quạt,False,1,4.52
2210,real,False,1,4.52
2211,thèm,False,1,4.52
2212,bưu điện,True,1,4.52
2213,3d,True,2,4.51
2214,bắp,False,1,4.51
2215,chuyền,False,1,4.51
2216,cài,False,1,4.51
2217,dốc,False,1,4.51
2218,jack,False,1,4.51
2219,khoảnh,False,1,4.51
2220,liêu,False,1,4.51
2221,lõi,False,1,4.51
2222,manh,False,1,4.51
2223,microsoft,False,1,4.51
2224,mỏng,False,1,4.51
2225,mờ,False,1,4.51
2226,ngào,False,1,4.51
2227,sốc,False,1,4.51
2228,th,False,1,4.51
2229,thomas,False,1,4.51
2230,thuỷ,False,1,4.51
2231,thâm,False,1,4.51
2232,tràng,False,1,4.51
2233,tỏa,False,1,4.51
2234,vượng,False,1,4.51
2235,vải,False,1,4.51
2236,washington,False,1,4.51
2237,xám,False,1,4.51
2238,xông,False,1,4.51
2239,đếm,False,1,4.51
2240,mệt mỏi,True,1,4.51
2241,bể,False,1,4.5
2242,bồn,False,1,4.5
2243,chiêm,False,1,4.5
2244,chiết,False,1,4.5
2245,cóc,False,1,4.5
2246,dắt,False,1,4.5
2247,khoang,False,1,4.5
2248,liễu,False,1,4.5
2249,lũy,False,1,4.5
2250,lạm,False,1,4.5
2251,lạp,False,1,4.5
2252,mòn,False,1,4.5
2253,mầm,False,1,4.5
2254,nghiện,False,1,4.5
2255,nghịch,False,1,4.5
2256,nôn,False,1,4.5
2257,pin,False,1,4.5
2258,sam,False,1,4.5
2259,sáp,False,1,4.5
2260,tản,False,1,4.5
2261,up,False,1,4.5
2262,xà,False,1,4.5
2263,đới,False,1,4.5
2264,bích,False,1,4.49
2265,chua,False,1,4.49
2266,chục,False,1,4.49
2267,mổ,False,1,4.49
2268,ngu,False,1,4.49
2269,nhục,False,1,4.49
2270,red,False,1,4.49
2271,tp,False,1,4.49
2272,tr,False,1,4.49
2273,trạch,False,1,4.49
2274,tím,False,1,4.49
2275,be,False,1,4.48
2276,bù,False,1,4.48
2277,chẩn,False,1,4.48
2278,cưỡng,False,1,4.48
2279,euro,False,1,4.48
2280,gọn,False,1,4.48
2281,house,False,1,4.48
2282,hắc,False,1,4.48
2283,mỡ,False,1,4.48
2284,ngoái,False,1,4.48
2285,nh,False,1,4.48
2286,ni,False,1,4.48
2287,rộn,False,1,4.48
2288,tào,False,1,4.48
2289,tê,False,1,4.48
2290,vở,False,1,4.48
2291,xí,False,1,4.48
2292,xưng,False,1,4.48
2293,đứt,False,1,4.48
2294,chìa khóa,True,2,4.48
2295,daniel,False,1,4.47
2296,eo,False,1,4.47
2297,giặt,False,1,4.47
2298,gõ,False,1,4.47
2299,mốc,False,1,4.47
2300,nhơn,False,1,4.47
2301,nốt,False,1,4.47
2302,oxy,False,1,4.47
2303,sườn,False,1,4.47
2304,thơm,False,1,4.47
2305,toà,False,1,4.47
2306,triệt,False,1,4.47
2307,trâu,False,1,4.47
2308,tảo,False,1,4.47
2309,vắng,False,1,4.47
2310,vịt,False,1,4.47
2311,yến,False,1,4.47
2312,đoan,False,1,4.47
2313,đạc,False,1,4.47
2314,đụng,False,1,4.47
2315,chà,False,1,4.46
2316,cu,False,1,4.46
2317,cúi,False,1,4.46
2318,cúng,False,1,4.46
2319,cởi,False,1,4.46
2320,cừu,False,1,4.46
2321,day,False,1,4.46
2322,dại,False,1,4.46
2323,dở,False,1,4.46
2324,gãy,False,1,4.46
2325,hò,False,1,4.46
2326,khoai,False,1,4.46
2327,khê,False,1,4.46
2328,khơi,False,1,4.46
2329,kiêm,False,1,4.46
2330,le,False,1,4.46
2331,max,False,1,4.46
2332,nhạy,False,1,4.46
2333,súc,False,1,4.46
2334,thạc,False,1,4.46
2335,tết,False,1,4.46
2336,walter,False,1,4.46
2337,đắt,False,1,4.46
2338,sách vở,True,1,4.46
2339,al,False,1,4.45
2340,are,False,1,4.45
2341,dội,False,1,4.45
2342,hoành,False,1,4.45
2343,hố,False,1,4.45
2344,khải,False,1,4.45
2345,lăn,False,1,4.45
2346,nhan,False,1,4.45
2347,radio,False,1,4.45
2348,thục,False,1,4.45
2349,tui,False,1,4.45
2350,tí,False,1,4.45
2351,ván,False,1,4.45
2352,xế,False,1,4.45
2353,ốm,False,1,4.45
2354,arthur,False,1,4.44
2355,báu,False,1,4.44
2356,chelsea,False,1,4.44
2357,châm,False,1,4.44
2358,cp,False,1,4.44
2359,củ,False,1,4.44
2360,gò,False,1,4.44
2361,gạch,False,1,4.44
2362,gạt,False,1,4.44
2363,gốm,False,1,4.44
2364,jones,False,1,4.44
2365,khe,False,1,4.44
2366,khoái,False,1,4.44
2367,kẹo,False,1,4.44
2368,muội,False,1,4.44
2369,nghiêng,False,1,4.44
2370,nhiếp,False,1,4.44
2371,nhì,False,1,4.44
2372,run,False,1,4.44
2373,rẽ,False,1,4.44
2374,scott,False,1,4.44
2375,that,False,1,4.44
2376,tơ,False,1,4.44
2377,điêu,False,1,4.44
2378,apple,False,1,4.43
2379,australia,False,1,4.43
2380,cúp,False,1,4.43
2381,hoãn,False,1,4.43
2382,khiêu,False,1,4.43
2383,lạng,False,1,4.43
2384,ngục,False,1,4.43
2385,nọ,False,1,4.43
2386,rung,False,1,4.43
2387,râu,False,1,4.43
2388,sét,False,1,4.43
2389,this,False,1,4.43
2390,tiễn,False,1,4.43
2391,trùm,False,1,4.43
2392,tể,False,1,4.43
2393,tựu,False,1,4.43
2394,vay,False,1,4.43
2395,wilson,False,1,4.43
2396,đãi,False,1,4.43
2397,bã,False,1,4.42
2398,hít,False,1,4.42
2399,kép,False,1,4.42
2400,maria,False,1,4.42
2401,mặn,False,1,4.42
2402,ngừa,False,1,4.42
2403,thung,False,1,4.42
2404,tịnh,False,1,4.42
2405,xăm,False,1,4.42
2406,đệm,False,1,4.42
2407,anna,False,1,4.41
2408,buồng,False,1,4.41
2409,gác,False,1,4.41
2410,hạm,False,1,4.41
2411,họng,False,1,4.41
2412,kẹt,False,1,4.41
2413,liêm,False,1,4.41
2414,lũng,False,1,4.41
2415,muôn,False,1,4.41
2416,mẫn,False,1,4.41
2417,news,False,1,4.41
2418,phiêu,False,1,4.41
2419,ro,False,1,4.41
2420,simon,False,1,4.41
2421,thiếp,False,1,4.41
2422,time,False,1,4.41
2423,trễ,False,1,4.41
2424,tôm,False,1,4.41
2425,uyên,False,1,4.41
2426,vạch,False,1,4.41
2427,vất,False,1,4.41
2428,xoắn,False,1,4.41
2429,xì,False,1,4.41
2430,đôn,False,1,4.41
2431,chém,False,1,4.4
2432,hở,False,1,4.4
2433,khiêm,False,1,4.4
2434,khoán,False,1,4.4
2435,lặn,False,1,4.4
2436,ngụ,False,1,4.4
2437,nhã,False,1,4.4
2438,rủi,False,1,4.4
2439,series,False,1,4.4
2440,sương,False,1,4.4
2441,texas,False,1,4.4
2442,thói,False,1,4.4
2443,thầm,False,1,4.4
2444,tẩy,False,1,4.4
2445,vặt,False,1,4.4
2446,đắp,False,1,4.4
2447,chớ,False,1,4.39
2448,dỗ,False,1,4.39
2449,jackson,False,1,4.39
2450,khiết,False,1,4.39
2451,khía,False,1,4.39
2452,kiệm,False,1,4.39
2453,lincoln,False,1,4.39
2454,los,False,1,4.39
2455,lây,False,1,4.39
2456,lùn,False,1,4.39
2457,lắc,False,1,4.39
2458,lột,False,1,4.39
2459,lữ,False,1,4.39
2460,madrid,False,1,4.39
2461,miêu,False,1,4.39
2462,ngẫu,False,1,4.39
2463,nén,False,1,4.39
2464,rỉ,False,1,4.39
2465,samsung,False,1,4.39
2466,sen,False,1,4.39
2467,son,False,1,4.39
2468,sâm,False,1,4.39
2469,sẹo,False,1,4.39
2470,thùy,False,1,4.39
2471,trump,False,1,4.39
2472,tụng,False,1,4.39
2473,đính,False,1,4.39
2474,đắk,False,1,4.39
2475,airlines,False,1,4.38
2476,brazil,False,1,4.38
2477,chris,False,1,4.38
2478,chuồn,False,1,4.38
2479,don,False,1,4.38
2480,ed,False,1,4.38
2481,hoạn,False,1,4.38
2482,hả,False,1,4.38
2483,iran,False,1,4.38
2484,lường,False,1,4.38
2485,ngột,False,1,4.38
2486,nhặt,False,1,4.38
2487,nhọn,False,1,4.38
2488,nón,False,1,4.38
2489,ph,False,1,4.38
2490,rock,False,1,4.38
2491,si,False,1,4.38
2492,thự,False,1,4.38
2493,tát,False,1,4.38
2494,tị,False,1,4.38
2495,u00,False,1,4.38
2496,vâng,False,1,4.38
2497,at,False,1,4.37
2498,bổng,False,1,4.37
2499,ch,False,1,4.37
2500,chicago,False,1,4.37
2501,chọc,False,1,4.37
2502,dc,False,1,4.37
2503,dập,False,1,4.37
2504,dời,False,1,4.37
2505,edward,False,1,4.37
2506,gởi,False,1,4.37
2507,hong,False,1,4.37
2508,ngắt,False,1,4.37
2509,nảy,False,1,4.37
2510,rose,False,1,4.37
2511,rạp,False,1,4.37
2512,rập,False,1,4.37
2513,rễ,False,1,4.37
2514,trắc,False,1,4.37
2515,vũng,False,1,4.37
2516,vẹn,False,1,4.37
2517,xen,False,1,4.37
2518,đè,False,1,4.37
2519,ngọt ngào,True,1,4.37
2520,bấm,False,1,4.36
2521,bệ,False,1,4.36
2522,cua,False,1,4.36
2523,gay,False,1,4.36
2524,ham,False,1,4.36
2525,hạch,False,1,4.36
2526,israel,False,1,4.36
2527,king,False,1,4.36
2528,kiêu,False,1,4.36
2529,lọ,False,1,4.36
2530,mường,False,1,4.36
2531,ngãi,False,1,4.36
2532,nhũng,False,1,4.36
2533,nuốt,False,1,4.36
2534,quãng,False,1,4.36
2535,smith,False,1,4.36
2536,sôi,False,1,4.36
2537,sút,False,1,4.36
2538,sờ,False,1,4.36
2539,your,False,1,4.36
2540,đê,False,1,4.36
2541,đắm,False,1,4.36
2542,california,False,1,4.35
2543,chiên,False,1,4.35
2544,chùm,False,1,4.35
2545,giặc,False,1,4.35
2546,green,False,1,4.35
2547,guitar,False,1,4.35
2548,hiếp,False,1,4.35
2549,hước,False,1,4.35
2550,khử,False,1,4.35
2551,mập,False,1,4.35
2552,nhai,False,1,4.35
2553,nhược,False,1,4.35
2554,nhở,False,1,4.35
2555,oh,False,1,4.35
2556,quyên,False,1,4.35
2557,quí,False,1,4.35
2558,thiêng,False,1,4.35
2559,thoả,False,1,4.35
2560,tà,False,1,4.35
2561,tồi,False,1,4.35
2562,vietnam,False,1,4.35
2563,viếng,False,1,4.35
2564,was,False,1,4.35
2565,buồn bã,True,2,4.35
2566,bill,False,1,4.34
2567,bèn,False,1,4.34
2568,bìa,False,1,4.34
2569,búp,False,1,4.34
2570,bơ,False,1,4.34
2571,bực,False,1,4.34
2572,dê,False,1,4.34
2573,dệt,False,1,4.34
2574,dịu,False,1,4.34
2575,khâu,False,1,4.34
2576,louis,False,1,4.34
2577,lấp,False,1,4.34
2578,lứa,False,1,4.34
2579,miên,False,1,4.34
2580,rạch,False,1,4.34
2581,thúy,False,1,4.34
2582,young,False,1,4.34
2583,chướng,False,1,4.33
2584,dán,False,1,4.33
2585,fan,False,1,4.33
2586,from,False,1,4.33
2587,ghen,False,1,4.33
2588,grand,False,1,4.33
2589,hitler,False,1,4.33
2590,khinh,False,1,4.33
2591,khiếp,False,1,4.33
2592,khuất,False,1,4.33
2593,kẹp,False,1,4.33
2594,land,False,1,4.33
2595,lấn,False,1,4.33
2596,mu,False,1,4.33
2597,nhường,False,1,4.33
2598,olympic,False,1,4.33
2599,pa,False,1,4.33
2600,robot,False,1,4.33
2601,rèn,False,1,4.33
2602,trội,False,1,4.33
2603,vỗ,False,1,4.33
2604,android,False,1,4.32
2605,bộc,False,1,4.32
2606,cành,False,1,4.32
2607,cớ,False,1,4.32
2608,jean,False,1,4.32
2609,joe,False,1,4.32
2610,khao,False,1,4.32
2611,ki,False,1,4.32
2612,lung,False,1,4.32
2613,nhiễu,False,1,4.32
2614,piano,False,1,4.32
2615,star,False,1,4.32
2616,tăm,False,1,4.32
2617,xả,False,1,4.32
2618,đàng,False,1,4.32
2619,đấng,False,1,4.32
2620,ớt,False,1,4.32
2621,ủi,False,1,4.32
2622,adam,False,1,4.31
2623,as,False,1,4.31
2624,ben,False,1,4.31
2625,bùn,False,1,4.31
2626,chớp,False,1,4.31
2627,cưỡi,False,1,4.31
2628,cồn,False,1,4.31
2629,cỗ,False,1,4.31
2630,facebook,False,1,4.31
2631,francis,False,1,4.31
2632,giọt,False,1,4.31
2633,kiềm,False,1,4.31
2634,mv,False,1,4.31
2635,not,False,1,4.31
2636,nàn,False,1,4.31
2637,phô,False,1,4.31
2638,quầy,False,1,4.31
2639,sun,False,1,4.31
2640,trọn,False,1,4.31
2641,tặc,False,1,4.31
2642,vách,False,1,4.31
2643,walker,False,1,4.31
2644,white,False,1,4.31
2645,đam,False,1,4.31
2646,bo,False,1,4.3
2647,bạt,False,1,4.3
2648,chì,False,1,4.3
2649,el,False,1,4.3
2650,gũi,False,1,4.3
2651,hái,False,1,4.3
2652,hãm,False,1,4.3
2653,luồng,False,1,4.3
2654,lạy,False,1,4.3
2655,phiến,False,1,4.3
2656,phím,False,1,4.3
2657,pro,False,1,4.3
2658,rải,False,1,4.3
2659,sắm,False,1,4.3
2660,sếp,False,1,4.3
2661,vươn,False,1,4.3
2662,vợt,False,1,4.3
2663,út,False,1,4.3
2664,đuối,False,1,4.3
2665,allen,False,1,4.29
2666,ao,False,1,4.29
2667,arsenal,False,1,4.29
2668,banh,False,1,4.29
2669,buýt,False,1,4.29
2670,chéo,False,1,4.29
2671,chốn,False,1,4.29
2672,cõi,False,1,4.29
2673,cưng,False,1,4.29
2674,cấy,False,1,4.29
2675,cẩu,False,1,4.29
2676,dỡ,False,1,4.29
2677,eric,False,1,4.29
2678,flash,False,1,4.29
2679,gen,False,1,4.29
2680,két,False,1,4.29
2681,kông,False,1,4.29
2682,like,False,1,4.29
2683,xe buýt,True,1,4.28
2684,rau củ,True,2,4.27
2685,cây cối,True,1,4.25
2686,email,True,1,4.25
2687,mặn nhạt,True,2,4.21
2688,mũ nón,True,2,4.19
2689,mát mẻ,True,1,4.15
2690,cơm chiên,True,2,4.14
2691,tivi,True,1,4.07
2692,chợ búa,True,2,4.05
2693,chua cay,True,2,4.04
2694,đẹp đẽ,True,2,4.03
2695,sông ngòi,True,2,4.03
2696,nồi cơm,True,2,4.03
2697,rừng rậm,True,2,3.99
2698,video call,True,2,3.94
2699,giày dép,True,1,3.67
2700,bẩn thỉu,True,2,3.48
2701,chùa chiền,True,2,3.43
